Cisco IOS Release,Migration path,Target Retirement Date
15.1(4)M3,15.1(4)M4,27/10/2015
15.1(4)M,15.1(4)M1,27/10/2015
15.1(3)T,15.1(4)M,05/01/2016
15.1(2)T,15.1(3)T,05/01/2016
15.1(1)T,15.1(2)T,05/01/2016
15.0(1)S5,15.1(3)S2,27/10/2015
15.0(1)S4a,15.1(1)S1,27/10/2015
12.4(9)XG,12.5(1st)T,03/05/2016
12.4(8d),,14/03/2016
12.4(7h),,14/03/2016
12.4(6)T5d,12.4(15)T12,25/04/2016
12.4(6)T5c,12.4(15)T12,25/04/2016
12.4(6)T5b,15.0(1)M,26/04/2016
12.4(6)T5a,12.4(15)T12,26/04/2016
12.4(6)T12,12.4(15)T12,25/04/2016
12.4(5c),,14/03/2016
12.4(5a)M0,12.4(13),03/05/2016
12.4(4)XC7,12.4(15)T1,02/05/2016
12.4(4)XC6,12.4(11)T,02/05/2016
12.4(3j),,29/02/2016
12.4(3i),,14/03/2016
12.4(25f),12.4(24)T5,03/05/2016
12.4(25e),12.4(24)T,14/03/2016
12.4(25d),12.4(15)T14,14/03/2016
12.4(23e),12.4(15)T15,02/03/2016
12.4(23d),,14/03/2016
12.4(23c),,14/03/2016
12.4(22)YB1,12.4(22)YB2,02/05/2016
12.4(22)YB,12.4(22)YB1,02/05/2016
12.4(21a)M1,12.4(23c),29/02/2016
12.4(21a),,14/03/2016
12.4(2)XB6,12.4(15)T,03/05/2016
12.4(2)XB4,12.4(2)XB5,03/05/2016
12.4(2)XB3,12.4(2)XB4,03/05/2016
12.4(2)XB2,12.4(2)XB4,03/05/2016
12.4(2)XB1,12.4(2)XB2,03/05/2016
12.4(2)XB,12.4(2)XB1,03/05/2016
12.4(19),,29/02/2016
12.4(18e),,18/04/2016
12.4(18d),,14/03/2016
12.4(17b),,14/03/2016
12.4(16b),,14/03/2016
12.4(15)T6a,15.0(1)M,03/05/2016
12.4(15)T2,15.0(1)M,25/04/2016
12.4(13f),,27/10/2015
12.4(12c),,14/03/2016
12.4(11)XW,12.4(20)T,02/05/2016
12.4(11)XJ5,12.4(20)T,02/05/2016
12.4(11)XJ1,12.4(20)T,02/05/2016
12.4(11)T4,12.4(15)T12,25/04/2016
12.4(11)T3,12.4(15)T12,25/04/2016
12.4(11)T2,15.0(1)M,25/04/2016
12.4(11)T1,15.0(1)M,03/11/2015
12.4(10c),,29/02/2016
12.4(1),,27/10/2015
12.3(9e),12.3(17),29/12/2015
12.3(8)ZA1,12.4(11)T2,03/05/2016
12.3(8)YG7,12.3(8)YG7,03/05/2016
12.3(8)YG4,12.3(8)YG5,03/05/2016
12.3(8)YG1,12.4(2)T,03/05/2016
12.3(8)YD1,12.4(2)T,03/05/2016
12.3(8)XY4,12.3(14)T,29/12/2015
12.3(8)XY3,12.3(8)XY4,03/05/2016
12.3(8)XX2e,12.3(8)XX2f,29/12/2015
12.3(8)T6,12.3(14)T,29/12/2015
12.3(8)T11,12.3(14)T,29/12/2015
12.3(7)XR6,12.4(1),03/05/2016
12.3(7)XI8g,12.2(31)SB6,03/05/2016
12.3(7)XI8e,12.3(7)XI9,03/05/2016
12.3(7)XI8bc,12.2(31)SB7,03/05/2016
12.3(7)XI8bb,,03/05/2016
12.3(7)XI7,12.2(31)SB,03/05/2016
12.3(7)XI6,12.2(28)SB,03/05/2016
12.3(7)XI5,12.2(28)SB,03/05/2016
12.3(7)XI10b,12.2(31)SB10,03/05/2016
12.3(5f),12.3(15),29/12/2015
12.3(5a)B5,12.3(7)T11,29/12/2015
12.3(4)XQ1,12.3(14)T,03/05/2016
12.3(3i),12.3(17),29/12/2015
12.3(21a),12.3(22),29/12/2015
12.3(2)XA4,12.3(2)XA5,29/12/2015
12.3(14)YU1,12.4(2)XB,03/05/2016
12.3(14)YU,12.4(2)XB,03/05/2016
12.3(14)YQ7,12.3(14)YQ8,03/05/2016
12.3(14)YQ6,12.3(14)YQ7,03/05/2016
12.3(14)YQ4,12.3(14)YQ5,03/05/2016
12.3(14)YQ3,12.3(14)YQ4,03/05/2016
12.3(14)YQ2,12.3(14)YQ3,03/05/2016
12.3(14)YM5,12.4(4)T1,03/05/2016
12.3(14)T7,12.4(1),29/02/2016
12.3(14)T6,12.4(1),29/12/2015
12.3(12e),12.3(17),29/12/2015
12.3(11)ZB2,12.4(11)T1,03/05/2016
12.3(11)YK,12.3(11)YK1,03/05/2016
12.3(11)T4,12.4(1),29/02/2016
12.3(11)T3,12.3(14)T,29/12/2015
12.3(11)T11,12.4(10),29/02/2016
12.3(11)T10,12.4(1),29/02/2016
12.3(11)JX,12.3(11)JA,03/05/2016
12.2(52)XO,,04/05/2016
12.2(50)SE3,12.2(50)SE4,10/03/2016
12.2(46)SE,12.2(50)SE,10/03/2016
12.2(44)SE5,12.2(44)SE6,10/03/2016
12.2(44)SE4,12.2(44)SE5,10/03/2016
12.2(4)YA9,12.2(4)YA10,04/05/2016
12.2(4)MB13b,12.2(25)SW5,10/03/2016
12.2(34)SB4a,,10/03/2016
12.2(34)SB4,,10/03/2016
12.2(34)SB3,,10/03/2016
12.2(34)SB2,,10/03/2016
12.2(33)ZZ,12.2(33)SRE,04/05/2016
12.2(33)XND,12.2(33)XNE,27/10/2015
12.2(33)SXH0a,12.2(33)SXH1,04/05/2016
12.2(33)SRB,12.2(33)SRB1,27/10/2015
12.2(33)SRA2,12.2(33)SRB,29/12/2015
12.2(33)SB8,,10/03/2016
12.2(33)SB6a,,10/03/2016
12.2(33)SB1b,,10/03/2016
12.2(33)SB1a,,10/03/2016
12.2(31c)XN3,12.2(33)SRC,04/05/2016
12.2(31c)XN2,12.2(31)XN3,04/05/2016
12.2(31b)XN3,12.2(33)SRC,04/05/2016
12.2(31b)XN2,12.2(31)XN3,03/05/2016
12.2(31a)XN3,12.2(33)SRC,29/12/2015
12.2(31a)XN2,12.2(31b)XN2,29/12/2015
12.2(31)ZV2d,12.2(31)SB15,04/05/2016
12.2(31)ZV2a,12.2(34)SB2,04/05/2016
12.2(31)ZV2,12.2(34)SB2,04/05/2016
12.2(31)ZV1a,12.2(31)SB11,04/05/2016
12.2(31)ZV,12.2(31)SB6,04/05/2016
12.2(31)XN3,12.2(31)SB6,04/05/2016
12.2(31)XN2,12.2(31a)XN2,29/12/2015
12.2(31)SG1,,04/05/2016
12.2(31)SB9b,,10/03/2016
12.2(31)SB9a,,10/03/2016
12.2(31)SB8a,,10/03/2016
12.2(31)SB4a,,10/03/2016
12.2(31)SB3b,,10/03/2016
12.2(31)SB3a,,10/03/2016
12.2(31)SB1g,,10/03/2016
12.2(31)SB1f,,10/03/2016
12.2(31)SB17,,10/03/2016
12.2(31)SB16,,10/03/2016
12.2(31)SB12a,,10/03/2016
12.2(31)SB10e,,10/03/2016
12.2(31)SB10d,,10/03/2016
12.2(31)SB10c,,10/03/2016
12.2(31)SB10b,,10/03/2016
12.2(31)SB10a,,10/03/2016
12.2(27)SBB9,12.2(31)SB11,10/03/2016
12.2(27)SBB6a,12.2(31)SB2,01/08/2016
12.2(25)SW4a,12.2(25)SW5,04/05/2016
12.2(25)SW4,12.2(25)SW5,04/05/2016
12.2(25)SW2,12.2(25)SW5,04/05/2016
12.2(25)SE,,10/03/2016
12.2(25)S6,,10/03/2016
12.2(25)S3,,10/03/2016
12.2(25)EY,,10/03/2016
12.2(25)EWA7,12.2(25)EWA10,10/03/2016
12.2(25)EWA1,12.2(25)EWA10,10/03/2016
12.2(25)EWA,12.2(25)EWA1,10/03/2016
12.2(25)EW,12.2(25)EWA10,10/03/2016
12.2(23f),12.2(31),29/12/2015
12.2(23)SW1,12.2(25)SW5,04/05/2016
12.2(20)S9b,,10/03/2016
12.2(20)EWA4,12.2(25)EWA10,10/03/2016
12.2(20)EWA1,12.2(25)EWA10,10/03/2016
12.2(20)EWA,12.2(25)EWA10,10/03/2016
12.2(20)EW4,12.2(25)EWA10,10/03/2016
12.2(20)EW1,12.2(25)EWA10,10/03/2016
12.2(20)EW,12.2(25)EWA10,10/03/2016
12.2(19c),12.2(27),29/12/2015
12.2(18)ZU2,12.2(33)SXH1,04/05/2016
12.2(18)SXF13b,12.2(18)SXF14,04/05/2016
12.2(18)SXF13a,12.2(18)SXF14,04/05/2016
12.2(18)SXF12,12.2(18)SXF13,04/05/2016
12.2(18)SXF10,12.2(18)SXF11,04/05/2016
12.2(18)SXE6b,12.2(18)SXF6,04/05/2016
12.2(18)IXC,12.2(18)IXD1,27/10/2015
12.2(18)IXB,12.2(18)IXD1,27/10/2015
12.2(18)IXA,12.2(18)IXD1,27/10/2015
12.2(18)EW7,12.2(25)EWA10,04/05/2016
12.2(18)EW3,12.2(25)EWA10,10/03/2016
12.2(17d)SXB7,12.2(18)SXD,04/05/2016
12.2(17d)SXB2,12.2(17d)SXB3,04/05/2016
12.2(17d)SXB11a,12.2(18)SXE5,04/05/2016
12.2(15)ZR,12.4(11)T2,04/05/2016
12.2(15)ZJ2,,04/05/2016
12.2(15)ZJ1,,04/05/2016
12.2(15)ZJ,,04/05/2016
12.2(14)S9c,,10/03/2016
12.2(14)S9b,,10/03/2016
12.2(14)S13b,,29/12/2015
12.2(14)S11b,,10/03/2016
12.2(13)ZT,12.4(11)T2,29/12/2015
12.2(12m),12.2(31),03/11/2015
12.2(12k),12.2(27),29/12/2015
12.2(10)DA2,12.2(10)DA4,10/03/2016
12.2(10)DA1,12.2(10)DA4,10/03/2016
12.2(10)DA,12.2(10)DA4,10/03/2016
12.1(8b)E18,,04/05/2016
12.1(8b)E15,,04/05/2016
12.1(8b)E14,,04/05/2016
12.1(5)T5,12.2(1),27/10/2015
12.1(4)E2,,04/05/2016
12.1(4)E1,,18/04/2016
12.1(26)EB2,12.1(26)EB3,10/03/2016
12.1(26)E,,10/03/2016
12.1(23)E2,,04/05/2016
12.1(23)E1,,04/05/2016
12.1(20)EW2,12.1(20)EW3,04/05/2016
12.1(20)EB,12.1(22)EB,10/03/2016
12.1(20)EA2,12.1(22)EA1,10/03/2016
12.1(19)EW1,12.1(20)EW,10/03/2016
12.1(19)EA1,12.1(22)EA10b,10/03/2016
12.1(12c)EW2,12.1(12c)EW3,04/05/2016
12.1(12c)E3,,04/05/2016
12.1(11b)EW,12.1(11b)EW1,04/05/2016
12.1(11b)E2,,04/05/2016
12.1(11b)E14,,04/05/2016
12.0(32c)S6b,,10/03/2016
12.0(32)SY8a,12.0(32)SY14,10/03/2016
12.0(32)SY6e,12.0(32)SY14,10/03/2016
12.0(32)SY6d,12.0(32)SY14,10/03/2016
12.0(32)SY6c,12.0(32)SY14,10/03/2016
12.0(32)SY6b,12.0(32)SY14,10/03/2016
12.0(32)SY6a,12.0(32)SY14,10/03/2016
12.0(32)SY5a,12.0(32)SY14,10/03/2016
12.0(32)SY4d,,10/03/2016
12.0(32)SY3b,,10/03/2016
12.0(32)SY3a,,10/03/2016
12.0(32)SY2i,,10/03/2016
12.0(32)SY2h,,10/03/2016
12.0(32)SY2g,,10/03/2016
12.0(32)SY2e,,10/03/2016
12.0(32)SY2d,,10/03/2016
12.0(32)SY2c,,10/03/2016
12.0(32)SY2b,,10/03/2016
12.0(32)SY2a,,10/03/2016
12.0(32)SY0j,,10/03/2016
12.0(32)SY0h,,10/03/2016
12.0(32)S6o,,10/03/2016
12.0(32)S6n,,10/03/2016
12.0(32)S6m,,10/03/2016
12.0(32)S6d,,10/03/2016
12.0(32)S6ca,,29/02/2016
12.0(32)S6b,,10/03/2016
12.0(32)S6a,,10/03/2016
12.0(32)S5b,,10/03/2016
12.0(32)S5a,,29/02/2016
12.0(32)S11o,,10/03/2016
12.0(32)S11n,,10/03/2016
12.0(31a)S2b,,10/03/2016
12.0(31a)S2a,,10/03/2016
12.0(31)S6e,,10/03/2016
12.0(31)S6d,,10/03/2016
12.0(31)S6c,,10/03/2016
12.0(31)S5e,,29/02/2016
12.0(30)SZ7,12.0(33)S9,04/05/2016
12.0(30)SZ3,,10/03/2016
12.0(30)S5a,,29/02/2016
12.0(28)S5e,,10/11/2015
12.0(28)S4g,,17/05/2016
12.0(28)S1b,,29/02/2016
12.0(27)S5e,,29/02/2016
12.0(26)S6c,,02/03/2016
12.0(26)S6b,,04/05/2016
12.0(1a),12.1(1),27/10/2015
12.0(1)T1,12.1(1),27/10/2015
99.9.0 Z,,20/07/2015
15.3(3)XB12,15.3(3)XB12,03/02/2016
15.2(1)T3,15.2(1)T4,07/10/2015
15.2(1)T1,15.1(3)T,07/10/2015
15.2(1)T,15.1(3)T,07/10/2015
15.1(4)M2,15.1(4)M3,07/10/2015
15.1(4)M1,15.1(4)M2,07/10/2015
15.1(4)M0b,15.1(4)M1,07/10/2015
15.1(4)M0a,15.1(4)M2,07/10/2015
15.1(1)T5,15.1(4)M4,07/10/2015
15.1(1)T3,15.1(1)T4,07/10/2015
15.1(1)T2,15.1(1)T2,07/10/2015
15.1(1)T1,15.1(2)T,07/10/2015
15.1(1)S2,15.1(2)S1,27/07/2015
15.1(1)S1,15.1(2)S,27/07/2015
15.1(1)S,,27/07/2015
15.0(1)XA3,15.1(1)T,03/02/2016
15.0(1)XA2,15.1(1)T1,03/02/2016
15.0(1)XA1,15.1(1)T,01/11/2011
15.0(1)XA,15.1(1)T,01/11/2011
15.0(1)S4,15.1(3)S,27/07/2015
15.0(1)S3a,15.1(1)S2,27/07/2015
15.0(1)S2,15.1(1)S,27/07/2015
15.0(1)S1,15.1(1)S,27/07/2015
15.0(1)S,15.1(1)S,27/07/2015
15.0(1)M8,15.1(4)M4,27/07/2015
15.0(1)M7,15.1(4)M1,27/07/2015
15.0(1)M6a,15.1(4)M,27/07/2015
15.0(1)M6,,27/07/2015
15.0(1)M5,,27/07/2015
15.0(1)M4,,27/07/2015
15.0(1)M3,,27/07/2015
15.0(1)M2,,27/07/2015
15.0(1)M1,,27/07/2015
15.0(1)M,,27/07/2015
12.4(9)XG5,12.4(15)T9,03/02/2016
12.4(9)XG4,12.4(22)T,03/02/2016
12.4(9)XG3,12.4(9th)T,03/02/2016
12.4(9)XG2,12.5(2nd)T,03/02/2016
12.4(9)XG1,12.5(1st)T,27/05/2013
12.4(9)T7,"12.4(15)T12,15.0(1)M",19/09/2012
12.4(9)T6,"12.4(15)T12,15.0(1)M",01/11/2011
12.4(9)T5,"12.4(15)T12,15.0(1)M",01/11/2011
12.4(9)T4,"12.4(15)T12,15.0(1)M",01/11/2011
12.4(9)T3,"12.4(15)T12,15.0(1)M",01/11/2011
12.4(9)MR,12.4(11)MR,14/03/2017
12.4(8d),,13/12/2015
12.4(8c),15.0(1)M,01/11/2011
12.4(8b),15.0(1)M,01/11/2011
12.4(7h),,13/12/2015
12.4(7g),15.0(1)M,01/11/2011
12.4(7f),15.0(1)M,01/11/2011
12.4(7e),15.0(1)M,01/11/2011
12.4(7d),15.0(1)M,01/11/2011
12.4(6)XT2,12.4(15)T2,02/02/2016
12.4(6)XT1,12.4(6)XT2,01/11/2011
12.4(6)XT,"12.4(15)T12,15.0(1)M",01/11/2011
12.4(6)XP,88.8(1)TBD,03/02/2016
12.4(6)XE3,12.4(15)T3,02/02/2016
12.4(6)T9,"12.4(15)T12,15.0(1)M",01/11/2011
12.4(6)T8,"12.4(15)T12,15.0(1)M",01/11/2011
12.4(6)T7,"12.4(15)T12,15.0(1)M",01/11/2011
12.4(6)T6,"12.4(15)T12,15.0(1)M",01/11/2011
12.4(6)T11,"12.4(15)T12,15.0(1)M",19/09/2012
12.4(6)T10,"12.4(15)T12,15.0(1)M",01/11/2011
12.4(6)MR1,12.4(12)MR,05/03/2010
12.4(6)MR,12.4(12)MR,05/03/2010
12.4(5c),,13/12/2015
12.4(5b),"12.4(25g),15.0(1)M",08/05/2009
12.4(4)XD9,12.4(15)T9,03/06/2013
12.4(4)XD8,12.4(15)T9,03/06/2013
12.4(4)XD7,12.4(15)T9,03/06/2013
12.4(4)XD11,12.4(15)T9,01/11/2011
12.4(4)XD10,12.4(15)T9,01/11/2011
12.4(4)T8,12.4(15)T12,26/01/2016
12.4(4)T5,"12.4(15)T12,15.0(1)M",23/05/2013
12.4(4)T4,"12.4(15)T12,15.0(1)M",08/05/2009
12.4(4)MR,12.4(12)MR,08/05/2009
12.4(3j),,01/12/2015
12.4(3i),,13/12/2015
12.4(3h),15.0(1)M,01/11/2011
12.4(3g),15.0(1)M,01/11/2011
12.4(3f),"12.4(25g),15.0(1)M",08/05/2009
12.4(3e),"12.4(25g),15.0(1)M",06/05/2009
12.4(3d),"12.4(25g),15.0(1)M",06/05/2009
12.4(3)JL1,12.4(3)JL2,01/11/2011
12.4(3)JL,12.4(3)JL2,01/11/2011
12.4(25g),12.4(24)T7,01/12/2015
12.4(25f),12.4(24)T5,03/02/2016
12.4(25e),12.4(24)T,13/12/2015
12.4(25d),12.4(15)T14,13/12/2015
12.4(25c),15.0(1)M,01/11/2011
12.4(25b),15.0(1)M,01/11/2011
12.4(25a),15.0(1)M,01/11/2011
12.4(25),15.0(1)M,01/11/2011
12.4(24)YS9,12.4(24)T4o,03/02/2016
12.4(24)YS8a,12.4(24)T,03/02/2016
12.4(24)YS8,12.4(24)T4o,03/02/2016
12.4(24)YS7,12.4(24)T4o,03/02/2016
12.4(24)YS6,12.4(24)T4o,03/02/2016
12.4(24)YS5,12.4(24)T4o,03/02/2016
12.4(24)YS4,12.4(24)T4n,03/02/2016
12.4(24)YS3,12.4(24)T4n,03/02/2016
12.4(24)YS2,12.4(24)T4n,03/02/2016
12.4(24)YS1,12.4(24)T4l,03/02/2016
12.4(24)YS,12.4(24)T4l,03/02/2016
12.4(24)YG4,12.4(24)YG4,03/02/2016
12.4(24)YG3,12.4(24)YG,03/02/2016
12.4(24)YG2,12.4(24)YG2,03/02/2016
12.4(24)YG1,12.4(24)YG2,01/11/2011
12.4(24)YG,12.4(24)YG2,01/11/2011
12.4(24)YE7,12.4(24)T,03/02/2016
12.4(24)YE6,12.4(24)T,03/02/2016
12.4(24)YE5,12.4(24)T,03/02/2016
12.4(24)YE4,12.4(24)T,03/02/2016
12.4(24)YE3e,12.4(24)T,03/02/2016
12.4(24)YE3d,12.4(24)T,03/02/2016
12.4(24)YE3c,12.4(24)T,03/02/2016
12.4(24)YE3b,12.4(24)T,03/02/2016
12.4(24)YE3a,12.4(24)T,03/02/2016
12.4(24)YE3,12.4(24)T,03/02/2016
12.4(24)YE2,12.4(24)T,03/02/2016
12.4(24)YE1,12.4(24)T,03/02/2016
12.4(24)YE,12.4(24)T,03/02/2016
12.4(24)T9,15.0(1)M,25/01/2016
12.4(24)T8,15.0(1)M,19/01/2016
12.4(24)T7,15.0(1)M,19/01/2016
12.4(24)T6,15.0(1)M,19/01/2016
12.4(24)T5,15.0(1)M,19/01/2016
12.4(24)T4i,12.4(24)T4i,25/01/2016
12.4(24)T4h,12.4(24)T4h,19/01/2016
12.4(24)T4g,12.4(24)T4g,19/01/2016
12.4(24)T4f,12.4(24)T4f,19/01/2016
12.4(24)T4e,12.4(24)T4e,19/01/2016
12.4(24)T4d,12.4(24)T4d,19/01/2016
12.4(24)T4c,12.4(24)T4c,19/01/2016
12.4(24)T4b,12.4(24)T4b,19/01/2016
12.4(24)T4a,12.4(24)T4,19/01/2016
12.4(24)T4,15.0(1)M,19/01/2016
12.4(24)T3f,12.4(24)T3f,19/01/2016
12.4(24)T3e,12.4(24)T3e,19/01/2016
12.4(24)T3c,12.4(24)T4,26/01/2016
12.4(24)T3b,12.4(24)T4,19/01/2016
12.4(24)T3a,12.4(24)T4,19/01/2016
12.4(24)T35c,12.4(24)T35c,19/01/2016
12.4(24)T34f,12.4(24)T34f,19/01/2016
12.4(24)T34d,12.4(24)T34d,19/01/2016
12.4(24)T33f,12.4(24)T33f,19/01/2016
12.4(24)T32f,12.4(24)T32f,19/01/2016
12.4(24)T31f,12.4(24)T31f,19/01/2016
12.4(24)T3,15.0(1)M,19/01/2016
12.4(24)T2,15.0(1)M,03/08/2015
12.4(24)T1,15.0(1)M,01/11/2011
12.4(24)T,15.0(1)M,01/11/2011
12.4(24)MD1,12.4(24)MD2,04/02/2016
12.4(24)MD,"12.4(24)MDA,12.4(24)MD1",01/11/2011
12.4(24)GC3,12.4(24)GC3,15/02/2016
12.4(23e),12.4(15)T15,03/12/2015
12.4(23d),,13/12/2015
12.4(23a),,13/12/2015
12.4(23),15.0(1)M,01/11/2011
12.4(22)YE6,12.4(22)T,03/02/2016
12.4(22)YE5,12.4(22)T5,03/02/2016
12.4(22)YE4,12.4(22)T3,03/02/2016
12.4(22)YE2,12.4(24)T3,03/02/2016
12.4(22)YE1,12.4(100)T,03/02/2016
12.4(22)YE,12.4(100)T,03/02/2016
12.4(22)YD4,12.4(22)YD4,03/02/2016
12.4(22)YD3,12.4(22)YD3,15/02/2016
12.4(22)YD2,12.4(22)YD2,03/02/2016
12.4(22)YD1,12.4(22)YD2,01/11/2011
12.4(22)YD,12.4(22)YD2,31/10/2011
12.4(22)YB8,12.4(22)YB8,02/02/2016
12.4(22)YB7,12.4(22)YB,02/02/2016
12.4(22)YB6,12.4(22)YB6,02/02/2016
12.4(22)YB5,12.4(22)YB5,02/02/2016
12.4(22)YB4,12.4(22)YB5,15/02/2016
12.4(22)YB3,12.4(22)YB4,15/02/2016
12.4(22)YB1,12.4(22)YB2,15/02/2016
12.4(22)XR9,12.4(122)T,03/02/2016
12.4(22)XR8,12.4(122)T,03/02/2016
12.4(22)XR7,12.4(122)T,03/02/2016
12.4(22)XR6,12.4(122)T,03/02/2016
12.4(22)XR5,12.4(120)T,03/02/2016
12.4(22)XR4,12.4(120)T,03/02/2016
12.4(22)XR3,12.4(122)T,03/02/2016
12.4(22)XR2,12.4(22)XR12,31/10/2011
12.4(22)XR12,12.4(22)T,03/02/2016
12.4(22)XR11,12.4(22)T,03/02/2016
12.4(22)XR10,12.4(120)T,02/02/2016
12.4(22)XR1,12.4(22)XR12,31/10/2011
12.4(22)XR,12.4(100)T,03/02/2016
12.4(22)T5,15.0(1)M,02/02/2016
12.4(22)T4,15.0(1)M,25/01/2016
12.4(22)T3,15.0(1)M,25/01/2016
12.4(22)T2,"12.4(22)T4,15.0(1)M",31/10/2011
12.4(22)T1,"12.4(22)T4,15.0(1)M",31/10/2011
12.4(22)T,"12.4(22)T4,15.0(1)M",31/10/2011
12.4(22)MD2,12.4(22)MD3,03/02/2016
12.4(22)MD1,"12.4(24)MDA,12.4(22)MDA,12.4(24)MD1",01/11/2011
12.4(22)MD,"12.4(24)MDA,12.4(22)MDA,12.4(24)MD1",01/11/2011
12.4(21a),,13/12/2015
12.4(21),15.0(1)M,31/10/2011
12.4(20)YA3,12.4(22)T,02/02/2016
12.4(20)YA2,12.4(22)T,02/02/2016
12.4(20)YA1,"12.4(22)T4,15.0(1)M",31/10/2011
12.4(20)YA,,31/10/2011
12.4(20)T9,12.4(24)T5,26/01/2016
12.4(20)T8,12.4(24)T5,26/01/2016
12.4(20)T7,15.0(1)M,27/07/2015
12.4(20)T5a,12.4(24)T6,25/01/2016
12.4(20)T5,15.0(1)M,25/01/2016
12.4(20)T4,15.0(1)M,25/01/2016
12.4(20)T3,"12.4(20)T4,15.0(1)M",31/10/2011
12.4(20)T1,"12.4(20)T4,15.0(1)M",31/10/2011
12.4(20)MR,12.4(20)MR1,01/11/2011
12.4(2)XB9,12.4(20)T,03/02/2016
12.4(2)XB8,12.4(9)XG2,03/02/2016
12.4(2)XB7,12.4(2)XB8,03/02/2016
12.4(2)XB12,12.4(2)XB12,03/02/2016
12.4(2)XB11,12.4(15)T16,03/02/2016
12.4(2)XB10,"12.4(20)T4,15.0(1)M",01/11/2011
12.4(2)T4,"12.4(15)T12,15.0(1)M",08/05/2009
12.4(2)T3,"12.4(15)T12,15.0(1)M",06/05/2009
12.4(2)MR1,12.4(12)MR,05/03/2010
12.4(19)MR,12.4(19)MR1,01/11/2011
12.4(19),,01/12/2015
12.4(18e),,19/01/2016
12.4(18c),15.0(1)M,31/10/2011
12.4(18b),15.0(1)M,15/01/2014
12.4(18a),15.0(1)M,31/10/2011
12.4(18),15.0(1)M,31/10/2011
12.4(17b),,13/12/2015
12.4(17a),15.0(1)M,31/10/2011
12.4(17),15.0(1)M,31/10/2011
12.4(16b),,19/01/2016
12.4(16a),15.0(1)M,31/10/2011
12.4(16)MR1,12.4(16)MR2,31/10/2011
12.4(16),15.0(1)M,31/10/2011
12.4(15)XZ2,12.4(20)T2,02/02/2016
12.4(15)XZ1,12.4(15)XZ2,31/10/2011
12.4(15)XZ,"12.4(20)T4,15.0(1)M",31/10/2011
12.4(15)XY5,15.0(1)M10,02/02/2016
12.4(15)XY4,15.0(1)M10,02/02/2016
12.4(15)XY3,15.0(1)M10,02/02/2016
12.4(15)XY2,12.4(15)XY3,31/10/2011
12.4(15)XY1,12.4(15)XY3,31/10/2011
12.4(15)XY,12.4(15)XY3,31/10/2011
12.4(15)XR7,12.4(22)XR12,01/11/2011
12.4(15)XR6,12.4(22)XR12,01/11/2011
12.4(15)XR5,12.4(22)XR12,01/11/2011
12.4(15)XR4,12.4(22)XR12,01/11/2011
12.4(15)XR3,12.4(22)XR12,01/11/2011
12.4(15)XR2,12.4(22)XR12,01/11/2011
12.4(15)XR1,12.4(22)XR12,01/11/2011
12.4(15)XR,,01/11/2011
12.4(15)XQ4,12.4(24)T3,03/02/2016
12.4(15)XQ3,12.4(22)T4,03/02/2016
12.4(15)XQ2d,12.4(15)T2,03/02/2016
12.4(15)XQ2c,12.4(15)T9,03/02/2016
12.4(15)XQ2b,12.4(22)T5,03/02/2016
12.4(15)XQ2a,12.4(22)T4,03/02/2016
12.4(15)XQ2,12.4(24)T,03/02/2016
12.4(15)XQ1,12.4(24)T,03/02/2016
12.4(15)XN,12.5(2nd)T,03/02/2016
12.4(15)XL4,12.4(15)XL5,03/02/2016
12.4(15)XL3,12.4(15)XL4,03/02/2016
12.4(15)XL2,12.4(15)XL3,03/02/2016
12.4(15)XL1,12.4(15)XL2,03/02/2016
12.4(15)XL,12.4(15)XL1,01/11/2011
12.4(15)T9,15.0(1)M,26/01/2016
12.4(15)T8,"12.4(15)T12,15.0(1)M",31/10/2011
12.4(15)T7,"12.4(15)T12,15.0(1)M",31/10/2011
12.4(15)T6,"12.4(15)T12,15.0(1)M",31/10/2011
12.4(15)T5,"12.4(15)T12,15.0(1)M",31/10/2011
12.4(15)T16,12.4(15)T17,02/02/2016
12.4(15)T15,15.0(1)M,02/02/2016
12.4(15)T14,12.4(15)T15,02/02/2016
12.4(15)T13b,12.4(15)T14,02/02/2016
12.4(15)T13,15.0(1)M,02/02/2016
12.4(15)T12,12.4(15)T13,02/02/2016
12.4(15)T11,15.0(1)M,26/01/2016
12.4(15)T10,12.4(15)T12,02/02/2016
12.4(15)T1,"12.4(15)T12,15.0(1)M",31/10/2011
12.4(15)T,"12.4(15)T12,15.0(1)M",31/10/2011
12.4(15)SW9,12.4(15)SW9a,03/02/2016
12.4(15)SW8a,12.4(15)SW8a,03/02/2016
12.4(15)SW8,12.4(15)SW7,03/02/2016
12.4(15)SW7,12.4(15)SW,03/02/2016
12.4(15)SW6,12.4(15)SW,03/02/2016
12.4(15)SW5,12.4(15)SW6,03/02/2016
12.4(15)SW4,12.4(15)SW5,01/11/2011
12.4(15)SW3,12.4(15)SW5,01/11/2011
12.4(15)SW2,12.4(15)SW5,01/11/2011
12.4(15)SW1,12.4(15)SW2,03/02/2016
12.4(15)SW,12.4(15)SW1,03/02/2016
12.4(15)MD3,"12.4(24)MDA,12.4(15)MD4,12.4(22)MDA,12.4(24)MD1",01/11/2011
12.4(15)MD2,"12.4(24)MDA,12.4(15)MD4,12.4(22)MDA,12.4(24)MD1",01/11/2011
12.4(15)MD1,"12.4(24)MDA,12.4(15)MD4,12.4(22)MDA,12.4(24)MD1",01/11/2011
12.4(15)MD,"12.4(24)MDA,12.4(15)MD4,12.4(22)MDA,12.4(24)MD1",01/11/2011
12.4(13f),,27/07/2015
12.4(13e),15.0(1)M,31/10/2011
12.4(13d),15.0(1)M,31/10/2011
12.4(13c),15.0(1)M,31/10/2011
12.4(13b),15.0(1)M,31/10/2011
12.4(13a),15.0(1)M,31/10/2011
12.4(12c),,13/12/2015
12.4(12b),15.0(1)M,31/10/2011
12.4(12a),15.0(1)M,31/10/2011
12.4(12)MR2,12.4(16)MR,14/03/2017
12.4(12)MR1,12.4(12)MR2,27/05/2013
12.4(12),15.0(1)M,31/10/2011
12.4(11)XW9,12.4(20)T,15/02/2016
12.4(11)XW8,12.4(20)T,15/02/2016
12.4(11)XW7,12.4(20)T,15/02/2016
12.4(11)XW3,"12.4(20)T4,15.0(1)M",31/10/2011
12.4(11)XW10,12.4(20)T,15/02/2016
12.4(11)XJ4,12.4(20)T,02/02/2016
12.4(11)SW3,12.4(15)SW,08/02/2016
12.4(11)MD9,"12.4(24)MDA,12.4(15)MD4,12.4(22)MDA,12.4(24)MD1,12.4(11)MD10",01/11/2011
12.4(11)MD8,"12.4(24)MDA,12.4(15)MD4,12.4(22)MDA,12.4(24)MD1,12.4(11)MD10",01/11/2011
12.4(11)MD7,"12.4(24)MDA,12.4(15)MD4,12.4(22)MDA,12.4(24)MD1,12.4(11)MD10",01/11/2011
12.4(11)MD6,"12.4(24)MDA,12.4(15)MD4,12.4(22)MDA,12.4(24)MD1,12.4(11)MD10",01/11/2011
12.4(11)MD5,"12.4(24)MDA,12.4(15)MD4,12.4(22)MDA,12.4(24)MD1,12.4(11)MD10",01/11/2011
12.4(11)MD4,"12.4(24)MDA,12.4(15)MD4,12.4(22)MDA,12.4(24)MD1,12.4(11)MD10",01/11/2011
12.4(10c),,03/02/2016
12.4(10b),15.0(1)M,31/10/2011
12.4(10a),15.0(1)M,27/10/2011
12.4(10),"12.4(25g),15.0(1)M",08/05/2009
12.3(9c),15.0(1)M,19/09/2012
12.3(9a)BC9,12.3(23)BC,05/05/2009
12.3(9a)BC4,12.3(13a)BC,03/05/2016
12.3(8)YI2,12.4(2)T,03/02/2016
12.3(8)YG6,12.3(8)YG7,03/02/2016
12.3(8)T7,12.4(1),19/09/2012
12.3(8)T11,12.3(14)T,05/05/2009
12.3(8)JK,12.3(8)JK1,17/04/2009
12.3(8)JEE,12.3(100)JA,03/02/2016
12.3(8)JED1,12.3(8)JED2,03/02/2016
12.3(8)JED,12.3(8)JED1,27/10/2011
12.3(8)JEC2,12.3(8)JEC3,27/10/2011
12.3(8)JEC1,12.3(8)JEC3,27/10/2011
12.3(8)JEC,12.3(8)JEC3,27/10/2011
12.3(8)JEA2,12.3(8)JEA3,27/10/2011
12.3(7)XR7,12.3(7)XR8,03/02/2016
12.3(7)XI10a,12.3(7)XI11,03/02/2016
12.3(7)T8,12.4(1),19/09/2012
12.3(7)T7,12.4(1),19/09/2012
12.3(7)T6,12.4(1),19/09/2012
12.3(7)T3,12.4(1),19/09/2012
12.3(7)JX9,12.3(7)JX10,03/02/2016
12.3(5d),15.0(1)M,19/09/2012
12.3(4)XK4,12.3(4)XK,03/02/2016
12.3(4)XG5,12.3(11)T,30/09/2015
12.3(4)TPC11b,12.3(4)TPC11c,03/02/2016
12.3(4)T8,12.4(1),19/09/2012
12.3(4)T10,12.4(1),19/09/2012
12.3(26),12.4(19),19/09/2012
12.3(25),12.4(19),19/09/2012
12.3(24a),12.4(19),19/09/2012
12.3(24),15.0(1)M,27/10/2011
12.3(23)BC9,12.2(33)SCB,03/05/2016
12.3(23)BC8,12.2(33)SCB,03/05/2016
12.3(23)BC7,12.2(33)SCC,01/11/2011
12.3(23)BC6,12.2(33)SCC,01/11/2011
12.3(23)BC5,12.2(33)SCC,01/11/2011
12.3(23)BC4,12.2(33)SCC,01/11/2011
12.3(23)BC3,12.2(33)SCC,01/11/2011
12.3(23)BC2,12.2(33)SCC,01/11/2011
12.3(23)BC10,12.2(33)SCB,03/05/2016
12.3(23)BC1,12.2(33)SCC,01/11/2011
12.3(23)BC,12.2(33)SCB,03/05/2016
12.3(23),15.0(1)M,19/09/2012
12.3(22a),15.0(1)M,19/09/2012
12.3(22),15.0(1)M,27/10/2011
12.3(21b),15.0(1)M,19/09/2012
12.3(21a)BC8,12.3(23)BC,01/11/2011
12.3(21a)BC7,12.3(23)BC,01/11/2011
12.3(21a)BC6,12.3(23)BC,01/11/2011
12.3(21a)BC5,12.3(23)BC,01/11/2011
12.3(21a)BC4,12.3(23)BC,01/11/2011
12.3(21a)BC3,12.3(23)BC,01/11/2011
12.3(21a)BC2,12.3(23)BC,01/11/2011
12.3(20a),15.0(1)M,19/09/2012
12.3(2)XE5,12.3(2)XE6,03/02/2016
12.3(2)XC5,12.3(2)XC6,03/02/2016
12.3(2)XA7,12.3(2)XA8,03/02/2016
12.3(2)XA6,12.3(2)XA7,12/06/2013
12.3(19a),15.0(1)M,17/05/2013
12.3(18a),15.0(1)M,19/09/2012
12.3(18),15.0(1)M,06/05/2009
12.3(17c),15.0(1)M,18/10/2012
12.3(17b)BC8,12.3(23)BC,01/11/2011
12.3(17a),15.0(1)M,04/01/2007
12.3(17),15.0(1)M,19/09/2012
12.3(14)YX9,,03/02/2016
12.3(14)YX17,12.4(22)XR,03/02/2016
12.3(14)YX16,12.4(22)XR,03/02/2016
12.3(14)YX15,12.4(15)XR4,03/02/2016
12.3(14)YX14,12.4(15)XN,03/02/2016
12.3(14)YX13,12.4(15)XN,03/02/2016
12.3(14)YX12,,03/02/2016
12.3(14)YX11,,03/02/2016
12.3(14)YX10,,03/02/2016
12.3(14)YT1,12.4(4)T,03/02/2016
12.3(14)YM13,12.4(20)T,03/02/2016
12.3(14)YM12,12.5(1),03/02/2016
12.3(14)YM11,12.5(1st)T,03/02/2016
12.3(14)T7,12.4(1),05/05/2009
12.3(14)T6,12.4(1),05/05/2009
12.3(13b),15.0(1)M,03/10/2012
12.3(13),15.0(1)M,19/09/2012
12.3(12e),12.3(17),05/05/2009
12.3(11)YZ2,12.3(11)YZ3,02/02/2016
12.3(11)YK3,12.3(11)YK4,03/02/2016
12.3(11)YF4,12.3(14)YX,03/02/2016
12.3(11)T11,12.4(10),05/05/2009
12.3(11)T10,12.4(1),05/05/2009
12.3(11)JX1,12.3(11)JA,03/02/2016
12.3(11)JA,12.4(3g)JA1,17/04/2009
12.3(10c),15.0(1)M,19/09/2012
12.2(58)EZ,12.2(58)EZ1,11/12/2015
12.2(55)EZ,15.0(2)SE,11/12/2015
12.2(55)EY,,11/12/2015
12.2(55)EX3,15.0(2)SE,11/12/2015
12.2(55)EX2,15.0(2)SE,11/12/2015
12.2(55)EX1,15.0(2)SE,11/12/2015
12.2(55)EX,15.0(2)SE,11/12/2015
12.2(53)SE1,12.2(55)SE,11/12/2015
12.2(53)SE,12.2(55)SE,01/11/2011
12.2(53)EY,,11/12/2015
12.2(52)SE1,12.2(55)SE,11/12/2015
12.2(52)EY3a,12.2(52)EY4,11/12/2015
12.2(52)EY3,,11/12/2015
12.2(52)EY2a,,11/12/2015
12.2(52)EY2,,11/12/2015
12.2(52)EY1c,,11/12/2015
12.2(52)EY1b,,11/12/2015
12.2(52)EY1a,,11/12/2015
12.2(52)EY1,,11/12/2015
12.2(52)EX1,12.2(55)SE,11/12/2015
12.2(52)EX,12.2(54)SE,11/12/2015
12.2(50)SQ,12.2(50)SQ4,01/11/2011
12.2(50)SG3,,04/02/2016
12.2(50)SG2,,04/02/2016
12.2(50)SG1,12.2(53)SG6,01/11/2011
12.2(50)SG,,03/06/2013
12.2(50)SE4,12.2(50)SE5,11/12/2015
12.2(50)SE1,12.2(50)SE3,01/11/2011
12.2(50)SE,12.2(50)SE3,01/11/2011
12.2(46a),15.0(1)M,19/09/2012
12.2(46)SE2,12.2(50)SE,11/12/2015
12.2(46)SE1,12.2(50)SE3,01/11/2011
12.2(46)EY,,11/12/2015
12.2(46)EX,12.2(50)SE,11/12/2015
12.2(46),15.0(1)M,27/10/2011
12.2(44)SQ1,12.2(50)SQ4,01/11/2011
12.2(44)SQ,12.2(50)SQ4,01/11/2011
12.2(44)SG,12.2(53)SG6,01/11/2011
12.2(44)SE3,12.2(44)SE5,01/11/2011
12.2(44)SE2,12.2(58)SE2,01/11/2011
12.2(44)SE1,12.2(58)SE2,01/11/2011
12.2(44)SE,12.2(46)SE,01/11/2011
12.2(40)XO,,04/02/2016
12.2(40)SE2,,14/03/2017
12.2(40)SE1,,14/03/2017
12.2(40)SE,,14/03/2017
12.2(40)EX3,12.2(46)SE,11/12/2015
12.2(40)EX2,12.2(46)SE,01/11/2011
12.2(40)EX1,"12.2(46)SE,12.2(40)EX3",01/11/2011
12.2(40)EX,12.2(44)SE,11/12/2015
12.2(4)YA12,12.2(4)YA13,04/02/2016
12.2(37)SG,12.2(53)SG6,01/11/2011
12.2(37)SE1,,11/12/2015
12.2(37)SE,12.2(58)SE2,01/11/2011
12.2(37)EY,,11/12/2015
12.2(37)EX,12.2(50)SE,11/12/2015
12.2(35)SE4,12.2(58)SE2,01/11/2011
12.2(35)EX1,"12.2(46)SE,12.2(50)SE3",01/11/2011
12.2(34)SB4c,12.2(34)SB5,11/12/2015
12.2(34)SB4b,,11/12/2015
12.2(33)ZI,15.0(1)S,04/02/2016
12.2(33)XNE3,12.2(33)XNF,27/07/2015
12.2(33)XNE2,12.2(33)XNF,27/07/2015
12.2(33)XNE1,12.2(33)XNF,27/07/2015
12.2(33)XNE,12.2(33)XNF,27/07/2015
12.2(33)SXI1,12.2(33)SXI2,03/11/2011
12.2(33)SXI,12.2(33)SXI2,03/11/2011
12.2(33)SXH8b,12.2(133)SXH,04/02/2016
12.2(33)SXH8a,12.2(133)SXH,04/02/2016
12.2(33)SXH8,12.2(33)SXH8a,04/02/2016
12.2(33)SXH7w,12.2(33)SXH7x,04/02/2016
12.2(33)SXH7v,12.2(33)SXH8,04/02/2016
12.2(33)SXH7,12.2(33)SXH8,04/02/2016
12.2(33)SXH6,12.2(33)SXH7,04/02/2016
12.2(33)SXH5,12.2(33)SXH6,04/02/2016
12.2(33)SXH4,12.2(33)SXH5,04/02/2016
12.2(33)SXH3a,12.2(33)SXH4,03/11/2011
12.2(33)SXH3,12.2(33)SXH4,03/11/2011
12.2(33)SXH2a,12.2(33)SXH4,03/11/2011
12.2(33)SXH2,12.2(33)SXH4,03/11/2011
12.2(33)SXH1,12.2(33)SXH4,03/11/2011
12.2(33)SXH,12.2(33)SXH,20/05/2013
12.2(33)SRE4,12.2(33)SRE5,15/02/2016
12.2(33)SRE3,12.2(33)SRE4,15/02/2016
12.2(33)SRE2,12.2(33)SRE3,15/02/2016
12.2(33)SRE1,12.2(33)SRE2,15/02/2016
12.2(33)SRE0a,12.2(33)SRE2,15/02/2016
12.2(33)SRE,12.2(33)SRE3,01/11/2011
12.2(33)SRD7,12.2(33)SRE5,04/02/2016
12.2(33)SRD6,12.2(33)SRD7,04/02/2016
12.2(33)SRD5,12.2(33)SRD6,04/02/2016
12.2(33)SRD4a,12.2(33)SRD5,19/01/2016
12.2(33)SRD4,12.2(33)SRD5,19/01/2016
12.2(33)SRC6,12.2(33)SRD4,01/12/2015
12.2(33)SRA7,12.2(33)SRB,01/12/2015
12.2(33)SCB2,12.2(33)SCC,01/11/2011
12.2(33)SCB1,12.2(33)SCC,01/11/2011
12.2(33)SCB,12.2(33)SCC,01/11/2011
12.2(33)SCA1,12.2(33)SCC,01/11/2011
12.2(33)SCA,12.2(33)SCC,01/11/2011
12.2(33)SB9,12.2(33)SB10,11/12/2015
12.2(33)SB8g,12.2(33)SB13,11/12/2015
12.2(33)SB8f,12.2(33)SB11,11/12/2015
12.2(33)SB8e,12.2(33)SB9,11/12/2015
12.2(33)SB8d,12.2(33)SB9,11/12/2015
12.2(33)SB8c,12.2(33)SB9,01/12/2015
12.2(33)SB8b,,11/12/2015
12.2(33)SB8a,,11/12/2015
12.2(33)SB7,,11/12/2015
12.2(33)SB6b,,11/12/2015
12.2(33)SB6aa,,11/12/2015
12.2(33)SB6,12.2(33)SB11,01/11/2011
12.2(33)SB5,12.2(33)SB11,01/11/2011
12.2(33)SB4,12.2(33)SB11,01/11/2011
12.2(33)SB3,12.2(33)SB11,01/11/2011
12.2(33)SB2,12.2(33)SB11,01/11/2011
12.2(33)SB15,12.2(33)SB16,11/12/2015
12.2(33)SB14,12.2(33)SB15,11/12/2015
12.2(33)SB13,12.2(33)SB14,11/12/2015
12.2(33)SB12,12.2(33)SB13,11/12/2015
12.2(33)SB11,12.2(33)SB12,11/12/2015
12.2(33)SB10,12.2(33)SB11,11/12/2015
12.2(33)SB1,12.2(33)SB11,01/11/2011
12.2(33)SB,12.2(33)SB11,01/11/2011
12.2(33)MRB3,12.2(33)MRB4,01/11/2011
12.2(33)MRB2,12.2(33)MRB6,01/11/2011
12.2(33)MRB1,12.2(33)MRB6,01/11/2011
12.2(33)MRB,,01/11/2011
12.2(33)IRI,12.2(33)IRH,11/12/2015
12.2(33)IRH1,12.2(33)IRG,11/12/2015
12.2(33)IRH,12.2(33)IRG,03/02/2016
12.2(33)IRG1,12.2(33)IRG,11/12/2015
12.2(33)IRF,12.2(33)SRC,11/12/2015
12.2(33)IRE2,12.2(33)IRG,27/07/2015
12.2(33)IRE1,12.2(33)SRC,27/07/2015
12.2(33)IRE,12.2(33)IRF,27/07/2015
12.2(33)IRD,12.2(33)IRE,27/07/2015
12.2(33)IRC,12.2(33)IRE1,27/07/2015
12.2(33)IRB,12.2(33)SRC1,27/07/2015
12.2(33)IRA,12.2(33)IRG,27/07/2015
12.2(31)SGA7,12.2(31)SGA8,01/11/2011
12.2(31)SGA6,12.2(31)SGA8,01/11/2011
12.2(31)SGA5,12.2(31)SGA8,01/11/2011
12.2(31)SGA4,"12.2(31)SGA8,12.2(40)SG",01/11/2011
12.2(31)SGA3,12.2(31)SGA4,28/05/2013
12.2(31)SGA2,12.2(31)SGA3,01/11/2011
12.2(31)SGA1,12.2(31)SGA3,01/11/2011
12.2(31)SGA,12.2(31)SGA9,28/05/2013
12.2(31)SG,,07/06/2013
12.2(31)SB9,,03/06/2013
12.2(31)SB8,,03/06/2013
12.2(31)SB7,12.2(31)SB21,01/11/2011
12.2(31)SB6,12.2(31)SB21,01/11/2011
12.2(31)SB5,12.2(31)SB21,01/11/2011
12.2(31)SB21,12.2(33)SRE5,11/12/2015
12.2(31)SB2,,03/06/2013
12.2(31)SB19,12.2(33)SB9,11/12/2015
12.2(31)SB18,,11/12/2015
12.2(31)SB15,12.2(31)SB21,01/11/2011
12.2(31)SB14,12.2(31)SB21,01/11/2011
12.2(31)SB13,12.2(31)SB21,01/11/2011
12.2(31)SB12,12.2(31)SB21,01/11/2011
12.2(31)SB11,,03/06/2013
12.2(31)SB10,12.2(31)SB21,01/11/2011
12.2(29b),15.0(1)M,23/09/2012
12.2(29a),15.0(1)M,06/05/2009
12.2(28d),15.0(1)M,23/09/2012
12.2(28)SB9,12.2(28)SB13,01/11/2011
12.2(28)SB13,,11/12/2015
12.2(28)SB12,12.2(28)SB13,01/11/2011
12.2(28)SB11,12.2(28)SB13,01/11/2011
12.2(28)SB10,12.2(28)SB13,01/11/2011
12.2(27c),15.0(1)M,19/09/2012
12.2(26c),12.2(31),11/12/2015
12.2(25)SW4a,12.2(25)SW5,11/05/2009
12.2(25)SW12,12.4(15)SW3,04/02/2016
12.2(25)SEG5,12.2(25)SEG6,01/11/2011
12.2(25)S9,12.2(25)S15,05/05/2009
12.2(25)S15,,11/12/2015
12.2(25)EWA14,12.2(31)SGA8,11/12/2015
12.2(25)EWA13,12.2(25)EWA14,01/11/2011
12.2(25)EWA10,12.2(25)EWA11,11/12/2015
12.2(23f),12.2(31),05/05/2009
12.2(19c),12.2(27),05/05/2009
12.2(18)ZYA3c,12.2(18)ZYA3d,04/02/2016
12.2(18)ZYA3b,12.2(33)ZYA3c,04/02/2016
12.2(18)ZYA3a,12.2(18)ZYA3b,04/02/2016
12.2(18)ZYA3,12.2(18)ZYA3a,01/11/2011
12.2(18)ZYA2,12.2(18)ZYA3a,01/11/2011
12.2(18)ZYA1,12.2(18)ZYA3a,01/11/2011
12.2(18)ZYA,12.2(18)ZYA3a,01/11/2011
12.2(18)ZY2,,04/02/2016
12.2(18)SXF17b,12.2(18)SXF17b,04/02/2016
12.2(18)SXF17a,12.2(18)SXF17a,04/02/2016
12.2(18)SXF17,12.2(18)SXF17a,04/02/2016
12.2(18)SXF16,12.2(18)SXF17,03/11/2011
12.2(18)SXF15a,12.2(18)SXF17,03/11/2011
12.2(18)SXF15,12.2(18)SXF17,03/11/2011
12.2(18)SXF14,12.2(18)SXF17,03/11/2011
12.2(18)SXF13,12.2(18)SXF17,03/11/2011
12.2(18)SXF12a,12.2(18)SXF13,28/05/2013
12.2(18)SXD7b,12.2(18)SXF6,04/02/2016
12.2(18)IXH1,12.2(18)IXH2,11/12/2015
12.2(18)IXH,12.2(18)IXH1,03/02/2016
12.2(18)IXG,12.2(18)IXH,11/12/2015
12.2(18)IXF1,12.2(18)IXG,11/12/2015
12.2(18)IXF,12.2(18)IXG,03/02/2016
12.2(18)IXE,12.2(18)IXF,11/12/2015
12.2(18)IXD1,12.2(18)IXE,11/12/2015
12.2(15)T7,,19/09/2012
12.2(15)MC2m,12.2(15)MC2n,11/12/2015
12.2(15)MC2l,12.2(15)MC2m,11/12/2015
12.2(15)MC2k,12.2(15)MC2l,11/12/2015
12.2(15)MC2j,12.2(15)MC2k,11/12/2015
12.2(15)MC2e,12.2(15)MC2j,05/05/2009
12.2(15)MC2c,12.2(15)MC2e,11/12/2015
12.2(15)JK5,12.3(8)JK2,11/12/2015
12.2(15)BC2i,12.3(23)BC,06/05/2009
12.2(13)ZH10,12.2(13)ZH11,04/02/2016
12.2(12m),12.2(31),05/05/2009
12.2(10)DA9,12.2(12)DA13,11/12/2015
12.2(10)DA8,12.2(10)DA9,11/12/2015
12.1(5)T4,15.0(1)M,06/08/2013
12.1(5)T,15.0(1)M,19/09/2012
12.1(27b)E4,12.2(18)SXF15,04/02/2016
12.1(27b),15.0(1)M,05/05/2009
12.1(26)EB1,12.1(26)EB2,11/12/2015
12.1(26)E9,12.2(18)SXF15,04/02/2016
12.1(23)E4,,04/02/2016
12.1(22)EC1,12.3(23)BC,05/05/2009
12.1(22)EA4,12.1(22)EA14,05/05/2009
12.1(22)EA14,12.1(22)EA15,11/12/2015
12.1(22)EA13,12.1(22)EA14,01/11/2011
12.1(22)EA12,12.1(22)EA14,01/11/2011
12.1(22)EA11,12.1(22)EA14,01/11/2011
12.1(22)EA10a,12.1(22)EA12,11/12/2015
12.1(22)EA1,"12.1(22)EA14,12.1(22)EA10a",05/05/2009
12.1(22)AY1,12.1(22)EA14,05/05/2009
12.1(20)EW4,12.2(25)EWA10,05/05/2009
12.1(14),15.0(1)M,03/03/2009
12.0(5)WC17,88.8(1)EOL,11/12/2015
12.0(33)S8,12.0(33)S9,11/12/2015
12.0(33)S6,"12.0(32)SY12,12.0(32)SY14",01/11/2011
12.0(33)S5,,01/12/2015
12.0(33)S4,"12.0(32)SY12,12.0(32)SY14",01/11/2011
12.0(33)S3,"12.0(32)SY12,12.0(32)SY14",01/11/2011
12.0(33)S2,"12.0(32)SY12,12.0(32)SY14",01/11/2011
12.0(33)S12,12.0(33)S13,11/12/2015
12.0(33)S1,"12.0(32)SY12,12.0(32)SY14",01/11/2011
12.0(33)S,"12.0(32)SY12,12.0(32)SY14",01/11/2011
12.0(32)SY9b,12.0(32)SY11,11/12/2015
12.0(32)SY9a,12.0(32)SY14,11/12/2015
12.0(32)SY9,"12.0(32)SY12,12.0(32)SY14",01/11/2011
12.0(32)SY8b,12.0(32)SY11,11/12/2015
12.0(32)SY8,12.0(32)SY14,11/12/2015
12.0(32)SY7,"12.0(32)SY12,12.0(32)SY14",01/11/2011
12.0(32)SY6f,12.0(32)SY6,11/12/2015
12.0(32)SY6,"12.0(32)SY12,12.0(32)SY14",01/11/2011
12.0(32)SY5,"12.0(32)SY12,12.0(32)SY14",01/11/2011
12.0(32)SY11,"12.0(32)SY12,12.0(32)SY14",01/11/2011
12.0(32)SY10,"12.0(32)SY12,12.0(32)SY14",01/11/2011
12.0(32)S8,12.0(32)SY14,11/12/2015
12.0(32)S14,"12.0(32)SY12,12.0(32)SY14",01/11/2011
12.0(32)S13,"12.0(32)SY12,12.0(32)SY14",01/11/2011
12.0(32)S12,"12.0(32)SY12,12.0(32)SY14",01/11/2011
12.0(32)S11,"12.0(32)SY12,12.0(32)SY14",01/11/2011
12.0(32)S10,"12.0(32)SY12,12.0(32)SY14",01/11/2011
12.0(30)SZ9,12.0(30)SZ10,01/11/2011
12.0(30)SZ8,12.0(30)SZ10,01/11/2011
12.0(30)SZ5,12.0(33)S9,04/02/2016
12.0(30)SZ10,12.0(33)S9,15/02/2016
12.0(30)S3,12.0(32)SY9b,05/05/2009
12.0(28)S6,"12.0(32)SY12,12.0(32)SY14",05/05/2009
12.0(26)S6,12.0(32)SY14,04/02/2016